abeil	71843:1
absorb	67385:1
academ	72113:1 73182:1
accompagn	72395:1
accroît	72396:1
accéler	67943:1 71616:1 72934:1 72935:1
acoust	75794:1
acteur	72393:1
actif	72634:1
activ	73688:1
actuel	71621:1
adapt	67803:1
administr	73187:1
adn	68644:1 70922:1 75460:1
aerocampus	73687:1
aerokw	71840:1
aerosol	72120:1
affect	74453:1
africain	75458:1
afriqu	69821:1
age	74749:1
agent	68388:1
agren	68643:1
agricol	68273:1 69538:1 69821:1
agricultur	67804:1 68279:1 70420:1
agro	71842:1
agroenviron	68643:1
agroparistech	67795:1 72637:1
agroécolog	73877:1
agrégat	74173:1
aid	67800:1 69539:1 75064:1
airbus	70920:1 71617:1 72636:1
ajust	72636:1
aldebaran	72633:1
ale	73430:1
algu	67385:1 75460:1
aliment	68882:1 75790:1 75793:1 76213:1
alimentair	67555:1 70749:1 71366:1 74449:1 75069:1
allenv	67071:1
allerg	68645:1
allez	76515:1
allianc	68881:1 69814:1
alpe	73881:2
altern	70920:1 73436:1
amer	67796:1
amélior	68281:1 74449:1
américain	71838:1
analys	71845:1 73685:1
anantharaman	72932:1
anesthes	71843:1
animal	68384:1 73878:1
annuel	73881:1
anten	70425:1 70747:1
anticorp	72938:1
antioxyd	76511:1
appareil	76508:1
appliqu	74450:1 76509:1
apprent	72636:1
apprentissag	67389:1 68281:1
approch	68275:1
aquitain	72117:1 75067:1
architect	69185:1
architectur	74751:1
archéolog	73683:1
archéologu	75788:1
arctiqu	73183:1
arkamy	76508:1
array	73186:1
arriv	71612:1
art	68276:1 68393:1 70161:1 70422:1 70923:1 73882:1 75457:1
artem	68279:1
artificiel	67945:1 74454:1 76210:1
arôm	75790:1
asi	71840:1 72396:1
assiet	76209:1
assis	72938:1
assistent	71614:1
associ	73879:1
atmospher	68273:1
atom	72119:1
audit	76508:1
augment	73188:1
aupalesen	74449:1
automobil	70748:1
autonom	73185:1 74170:1
autour	67392:1 67946:1 68384:1 69535:1 69814:1 70749:1 70751:1 70920:1 70921:1 71615:1 71619:1 72120:1 72630:1 73185:1 75466:1
auvergn	73687:1
avant	71621:1 74168:1
aven	69816:1
aviat	74167:1
avoir	75459:1
aérodynam	71615:1
aéronaut	73687:1
aérospatial	71358:1
aérotherm	71615:1
b	71836:1
bachelor	75457:1
bacter	69183:1 70746:1
bactérien	69815:1
bal	75793:1
baptis	69817:1
bas	67387:1 68644:1
batiénerg	70169:1
beau	72117:1
bel	67068:1
besoin	75069:1
bien	75793:1 75797:1
bientôt	72634:1 75063:1 75794:1
bilan	67795:1 70915:1
bio	70747:1 74452:1
bioallianc	75065:1
bioaxial	74451:1
biocarbur	68385:1
biofilm	70746:1
biogaz	67385:1 73690:1
biolog	71837:1 73688:1 74453:1 74750:1
bioluminescent	73688:1
biom	71616:1
biomimet	71612:1
biophyt	71360:1
biopuc	75460:1
biosimilair	72938:1
biotechnolog	68384:1
biotechnology	73878:1
biothon	74452:1
biovis	75465:1
bioénerg	72121:1
biscaross	69542:1
bit	69540:1
bon	69811:1
boost	74452:1
bord	68640:1
bouff	71366:1
boug	75461:1
bourgogn	73877:1
boît	67554:1
but	75069:1
cal	71361:1
calcul	70914:1 74745:1 75796:1
caltech	68881:1
calédonien	73433:1
camer	70420:1 73186:1
campus	74175:2
canc	73691:1 75065:1
candidat	71360:1
cantogeth	69538:1
cap	73183:1
capabl	68390:1 70746:1
capital	73434:1 74752:1
captent	70747:1
capteur	67386:1 67796:1
caractérist	67387:1
carbur	70920:1
carnot	70753:1
carrefour	73884:1
cartograph	67389:1
cartographi	69537:1
casablanc	72936:1
catalys	67561:1
cci	75071:1
ce	67554:1 68640:1 68881:1 70915:1 72392:1 74745:1
cellul	67802:1 69539:1 73436:1
central	68888:1 70743:1 72936:1
certain	68887:1
cerveau	73184:1 73189:1
cess	67383:1
ceux	74171:1
chain	72637:1
chair	68393:1 70426:1 70748:1 72398:1 72637:1 74751:1
challeng	74167:1
chang	67803:1 68389:1 68645:1 69816:1 73877:1
chassent	67553:1
chaud	68280:1
chaîn	72393:1
chercheur	67068:1 73435:1
cherenkov	73186:1
chez	67555:1 70749:1 71841:1 74454:1
chim	67561:1 68278:1 75461:1
chimiometr	67392:1
chimiqu	68390:1
chimist	74752:1
chin	68278:1 70920:1
chirurg	68641:1
chirurgien	71614:1
chromophor	73189:1
chrono	70745:1
ciment	71612:1
cinq	72398:1
cinqu	73875:1
cinquantenair	69177:1
circl	73183:1
civil	70165:1 73883:1 74167:1 74450:1
classiqu	73879:1 76210:1
climat	67803:1 68389:1 68645:1 69533:1 69816:1 73877:1 75463:1
cliniqu	67940:1 68646:1 73686:1
clust	67553:1 73691:1
clé	67391:1 68274:1
cne	69177:1 69813:1
co	67385:1
coeur	68885:1 71361:1 72113:1
col	74455:1
coll	74750:1
collabor	67941:1 71838:1 75063:1
colloqu	67561:1 67803:1 67945:1 70428:1 70749:1 71620:1 75464:1
color	73189:1
combust	70426:1
combustibl	67797:1 74174:1
comment	68884:1 74176:1 75465:1
complex	72937:1
complémentair	75789:1
compos	68390:1
composit	69820:1
comprendr	67555:1
computational	68639:1
compétit	74172:1
comt	68885:1
concept	69538:1 71845:1 74751:1 75064:1
concern	75458:1
concevoir	75070:1 76512:1
concour	73689:1 75066:1
condition	72120:1
conducteur	69814:1
conductric	70167:1
conférent	67804:1 69820:1 73883:1
congres	72120:1 72937:1 73882:1 75462:1
connaîtr	67939:1
connecting	73438:1
connex	67946:1
consacr	74751:1
consolid	72396:1
construct	67943:1 73875:1
constructeur	70748:1
construit	71359:1
contact	75791:1
contenu	76209:1
contr	68388:1 69536:1 69813:1 72632:1 74749:1
contrat	67796:1
controvers	74457:1
contrôl	67390:1 67800:1 68273:1 68390:1 72119:1 73187:1 75794:1
corn	68641:1
cosmet	67558:1 74744:1
cosmiqu	73186:1
cosmétolog	67946:1
coul	71835:1
coup	74170:1
cour	73188:1
couvr	70162:1
coût	67386:1
creath	70166:1
criminal	76207:1
cris	70162:1
cristal	68390:1 68391:1
croiss	73685:1
croissanc	68390:1
cryosat	73880:1
crânien	67801:1
cré	73687:1
créateur	76208:1
création	69180:1 70426:1 70748:1
cuisin	71359:1 74752:2
cur	70914:1
cyb	76207:1
cycl	67939:1 71845:1
câbl	76510:1
cédric	71835:1
céram	76210:1
côt	75461:1
d	67554:1 67946:1 72635:1 73431:1 73437:2
deb	73686:1
def	67794:1 69177:1 69541:1 71621:1 73182:1 75793:1
deform	75464:1
del	73188:1
delt	70165:1
delà	71362:1 76509:1
demain	68279:1 73876:1 74176:1 74752:1
demand	72637:1 73685:1
dengu	69813:1
depos	75464:1
des	75457:1
descart	70162:1
design	75790:1
destin	76512:1
dga	67941:1
diabet	76509:1
diagnostic	73686:1 76510:1
diametr	67390:1
digest	70918:1
dijon	67798:1
diplôm	68888:1
directeur	67795:1
disasolar	72114:1
dispensing	72120:1
distanc	68883:1
dix	76210:1
don	67387:1 70424:1
dop	67391:1
dopag	69536:1
dordogn	70917:1
droit	68392:1
dron	70165:2 73877:1 74450:1 75789:1
druon	68641:1
dsp	73879:1
dt	74450:1
durabl	67561:1 68279:1 68882:1 70420:1 72398:1 74175:1
durc	76207:1
dynacomp	69820:1
dynam	69820:1 70745:1
dynamis	68383:1
débarqu	74172:1
débat	72113:1
décen	76209:1
découvert	67556:1 72632:1 72940:1
dédi	68277:1 71842:1 72122:1
déficient	67556:1
dégust	76206:1
déjà	68392:1 69811:1
démantel	72392:1
démocratis	68273:1 70914:1
dépistag	74455:1
désorm	70422:1 76211:1
détect	69183:1 75460:1 75465:1
détecteur	70425:1
détergent	67558:1
détermin	67801:1
e	68385:1 70923:1 73184:1 73437:1 74452:1
ead	68393:1
eau	67939:1 72399:1 73688:1
eco	74175:1
ecol	68888:1 70743:1 72936:1 73430:1 75071:1
ecolab	76513:1
econom	74746:1 75466:1
ecrir	70744:1
eden	67553:1
educ	70428:1
efficac	73188:1
elle	68886:1 75459:1
emac	72634:1
emballag	72634:1 76514:1
embarqu	74751:1
encapsul	75462:1
endocrinien	68887:1
endur	74450:1
enfant	67555:1 70428:1 70749:1 71841:1 72401:1
enfin	72939:1
engag	74746:1
enjeux	71619:1 72399:1 74457:1
enregistr	74171:1
ensaplv	69185:1
ensembl	70162:1 72392:1
ensta	67944:1
enterom	69815:1
entrepreneur	73435:1
envisat	69811:1
eolien	70743:1
epileps	74453:1
equilibr	76511:1
er	73884:1
era	68642:2
erasmus	67944:1
esie	75071:1
espac	68386:1 68392:1
esquiss	68279:1
essai	68646:1 75065:1
essca	68281:1
essentiel	70170:1 75064:1 76516:1
estp	69185:1
estuair	72397:1
esturgeon	70917:1
etat	70422:1
euclid	70424:1
europ	68386:1
european	73691:1
européen	67555:1 68386:1 68642:1 69179:1 70164:1 70917:1 71361:1 73434:1 73880:1 75463:1 75792:1
euros	69815:1 71616:1 72118:1 72935:1 76510:1
evalu	67798:1 68645:1
exempl	67068:1 68275:1 72115:1 72629:1 74167:1
exenuc	71619:1
exercic	70915:1
exist	72631:1
expans	71618:1
expert	75791:1
exploit	72397:1 74170:1
explor	70163:1 72932:1 73432:1
explos	69812:1 70425:1
exposit	69535:1
expériment	70743:1
expérimental	67798:1 73683:1
extract	71845:1
extrait	76516:1
extrêm	70916:1
eyebrain	68646:1 74171:1
eyetechcar	73435:1
fabmak	75068:1
fabric	67558:1
fac	69816:1 76207:1
fauteuil	67940:1
façon	68280:1 69183:1
feu	70424:1
fiabl	69183:1
fibr	70167:1 72934:1
fijus	74169:1
fil	67386:1
fili	68273:1 71357:1 71619:1 74169:1 75797:1
filial	75461:1
film	70423:1
fin	71366:1 75461:1
final	70428:1
financ	75465:1
fink	67068:1
fissur	68886:1
flagel	70746:1
fleuron	73880:1
flott	70743:1
foi	75065:1
fois	74171:1 76210:1
fondat	68393:1
fontainebleau	67945:1
food	71359:1 76514:1
for	70164:1
form	68884:1 68887:1 69182:1 74173:1 76513:1
format	67555:1 69819:1 70421:1 71358:1 71619:1
fort	70167:1
forum	67804:1 70752:1 70921:1 72120:1 72121:1 72400:1 75466:1 75796:1
forêt	68283:1 68389:1 69816:1 71837:1
foul	71836:1
fragil	68886:1
franc	71358:1 73684:1
franch	68885:1
franco	69180:1 71838:1
francophon	69543:1 69821:1
français	69533:1 69816:1 71357:1 73186:1
frisbe	67557:1
froid	72393:1
fromager	67388:1
fronti	71362:1
frédéric	68641:1
fsi	76507:1
fui	69818:1
fusion	74168:1
futur	67804:1 76213:1
fêt	73875:1
gabon	73684:1
gamm	73186:1
gap	69814:1
gaspillag	71366:1
gaz	71838:1
gel	74750:1
gen	67391:1 73883:1
genr	70915:1
genticel	72935:1
gentleman	67937:1
geo	69818:1
geosud	68275:1
gest	75791:1
gestion	70162:1 76507:1
giec	69533:1
glac	68390:1
global	74176:1
glucid	76509:1
goc	73880:1
goût	70428:1
gravit	67801:1
grâc	67385:1 70423:1 72933:1 75068:1 75791:1
guinever	69178:1
géner	68385:1 72114:1
général	67795:1
géomat	68889:1
géophys	69181:1
géotherm	69818:1
habeat	67555:1
haid	71615:1
haut	70918:1 72934:1 73686:1 74451:1 75796:1
hercul	67941:1
heur	68640:1 69541:1 74745:1
hexagon	71362:1
histoir	69821:1
hoffmann	67937:1
homm	67794:1 68283:1 70745:1 74454:1
horizon	71357:1 71617:1
hpv	72935:1
huil	67391:1 74457:1 76516:1
humain	67802:1 72939:1
hydraul	71363:1
hydrav	69542:1
hydrogen	68884:1 74174:1
hydrograph	67944:1
hydrométallurg	75792:1
hélicopter	68393:1
hélio	67392:1
héliobiotec	68385:1
hémangiom	72117:1
i	72400:1 75466:1
iccc	72393:1
ici	74451:1
identif	67391:1
identifi	70919:1
idé	75068:1
ieh	75792:1
ignor	73432:1
igpsc	72937:1
iii	75065:1
ile	71621:1 74172:1 75071:1
illumin	69539:1
ilsa	74455:1
imag	69537:1 71836:1 75063:1
imager	74451:1
imagin	73876:1
impact	67803:1 68645:1 75463:1
implant	71840:1 74454:1
impliqu	67389:1
imprim	72114:1
in	75795:1
inattendu	69184:1
inaugur	68639:1 70751:1 73433:1
inaugural	70165:1
incongru	67938:1
inconnus	72932:1
indien	69180:1
industr	67388:1 69543:1 72121:1 72400:1 73690:1
ined	68280:1 73689:1
infantil	72117:1
infograph	73437:1
informat	69540:1 74452:1
infraroug	67796:1 71839:1
infrastructur	69181:1
ingrédient	71845:1
ingénier	72937:1 73689:1 73875:1 76212:1
ingénieur	68888:1 69185:1 73185:1 73882:1
ingérop	73875:1
inject	71612:1
inn	75066:1
innorobo	72122:1
inosport	75797:1
inp	73185:1
inra	68384:1
inscrir	69540:1
inspir	70747:1
install	68278:1
institut	68277:1 68885:1 70753:1 71362:1 75792:1 76211:1
instrument	74451:1 74455:1
integr	67554:1 70163:1
intellectuel	67556:1
intelligent	67940:1 67945:1 68883:1 70166:1 74456:1
intens	70914:1 73188:1
international	67803:1 67945:1 68278:1 69180:1 69542:1 69820:1 70921:1 72122:1 72400:1 73883:1 76516:1
intestinal	73432:1
intrinsequ	67561:1
introduct	69186:1
intérieur	69539:1
intérêt	68387:1
invest	72400:1 75795:1
ioi	76211:1
irt	75068:1
isol	69186:1
iter	74168:1 75064:1
iut	67945:1
izest	68638:1
jam	70163:1
jet	70918:1
jeun	70917:1 72113:1 72629:1 73185:1
jour	70168:1 70749:1 73190:1
journ	67392:1 70751:1 73690:1 76514:1 76516:1
jul	67937:1 75068:1
jus	74169:1
jwst	70163:1
km	68640:1
label	76509:1
labex	73184:1
lait	68885:1
laiti	68885:1
lanc	67943:1 67944:1 69813:1 71836:1
lanceur	69179:1
larynx	74454:1
las	68641:1
laser	68638:1
lauri	71837:1
lauréat	72933:1 75066:1 76208:1
lavet	72633:1
learning	70923:1
learninglab	73876:1
lectur	71841:1
led	75070:1
lem	73189:1
lequel	69534:1
let	68881:1
lettr	68889:1
leur	75459:1
lev	71616:1 76510:1
li	70429:1
libr	76511:1
lieux	67389:1
lign	70923:1 74747:1
linéair	67943:1
lipid	72116:1
lipoprotéin	75459:1
lipstic	73184:1
liten	68640:1
livatag	75065:1
livr	75459:1
loft	76513:1
logiciel	71841:1 76207:1
logiqu	76511:1
loin	75459:1
loisir	75797:1
longu	74450:1
lor	71841:1 75462:1
lorsqu	73188:1
loyal	69811:1
lumi	70747:1
lumin	73188:1
lutt	69536:1 69813:1 72632:1
lyonnais	71840:1
m	76510:1
main	75791:1
majeur	67794:1
malad	68646:1 74173:1
mamb	72115:1
manufactur	70429:1
maquet	69178:1
march	72392:1 72634:1
marius	72633:1
mathi	67068:1
mathémat	69180:1 71835:1 72932:1
mathématicien	70161:1
matur	75067:1
matérial	68886:1 69820:1
matériau	68280:1
maîtris	70915:1
mechanic	68639:1
medtec	69543:1
medtech	71614:1
megh	67939:1
meilleur	71361:1 72636:1
membranair	72399:1
menac	68389:1
mer	70164:1
mercur	68388:1
mesur	71841:1 73688:1 75793:1
met	70923:1
metagenopol	73432:1
meut	67553:1
micro	67385:1 69818:1 75460:1
microalgu	73433:1
microbiot	73432:1
microencapsul	70166:1
microprocesseur	70423:1
microsystem	68644:1
mid	74748:1 75066:1
midinnov	74748:1
mieux	67555:1 67939:1 70916:1 72397:1 73189:1
militair	74167:1
milliard	67794:1
million	69815:1 71616:1 72118:1 72935:1
min	68642:1 73430:1
minc	70423:1
minimum	69540:1
mir	70163:1
mis	67387:1 71838:1 72114:1 74453:1 76507:1
mission	67939:1 70424:1 73880:1
mit	76208:1
mixt	68278:1 69180:1
mobil	74456:1 76508:1
model	70425:1 71618:1
modif	75463:1
moin	68886:1 71617:1
moindr	67386:1
mois	74451:1
molécul	70919:1 70922:1 72118:1 73436:1 75070:1
moléculair	67556:1 67800:1
mond	67387:1 68638:1 68640:1 73185:1 74170:1
mondial	69178:1 71619:1 72393:1 74454:1
mont	73430:1
montagn	73881:1
morpho	72633:1
moteur	72119:1
mouss	67558:1 75794:1
mouv	74171:1
muraill	75458:1
myrt	68884:1
mécan	74453:1
mécatron	73884:1
médaill	67383:1 72636:1
médecin	67937:1
médic	71360:1 73187:1 73878:1
médical	69543:1
méditerranéen	70916:1
mémoir	68887:1 76515:1
métabol	67800:1
métagénom	69815:1
métal	68642:1 75792:1
méthanis	73690:1
méti	68276:1 68393:1 70161:1 70422:1 70923:1 73882:1 75457:1
météo	70916:1
nacr	76210:1
nalin	72932:1
nano	70167:1 70747:1 72119:1
nanoconstruct	74174:1
nanoh	74174:1
nanometr	68391:1
nanoparticul	68644:1 70429:1 74750:1
nanotechmap	74747:1
nanotechnolog	74747:1
nanotub	67390:1 72397:1
nant	70743:1
national	71362:1 72933:1
naturel	71843:1 71845:1
net	68642:1
neuro	73879:1
neurolog	74453:1
neuron	67389:1
neuronal	73879:1
neurotox	68388:1
newvecty	68384:1
nobel	67937:1
nord	67796:1 71361:1
nos	75792:1 76207:1
notr	76209:1 76213:1
nourr	67794:1
nouveau	67795:1 67942:1 68883:1 69177:1 69179:1 69538:1 71612:1 71618:1 73182:1 74176:1 75067:1
novaqt	74176:1
nu	74749:1
nucadvisor	72629:1
nucléair	69178:1 71619:1 72629:1 73883:1
nuisibl	71618:1
nuit	70425:1
numer	71359:1 74744:1 76207:1
nutraceut	71360:1
nutrit	72116:1
nutritionnel	67798:1 69534:1
né	68881:1
nécess	68275:1
nécessit	69540:1
obes	67799:1
objet	75792:1
observ	70922:1 73880:1
ocean	73183:1
oculair	74171:1
oculomoteur	71841:1
océanograph	67944:1 73434:1
opalin	70428:1 70749:1
open	71359:1 76513:1
openlab	68639:1
opte	76508:1
optifel	75069:1
optimis	75793:1
optiqu	72934:1
opérationnel	73434:1
or	72636:1
organ	71618:1 73432:1 73436:1
original	69536:1
oré	76209:1
oréal	74744:1
os	69184:1 71612:1
osmot	72397:1
osseux	73431:1
oubli	76515:1
outil	67554:1 68279:1 70170:1 70421:1 73876:1 75064:1 75788:1 76207:1 76513:1
ouvert	76211:1
ouvertur	72936:1
ouvr	75071:1
ovat	75066:1
oxy	70426:1
palm	67391:1 74457:1
palmi	74457:1
palmivor	72632:1
paléoanthropologu	67938:1
pancréat	67802:1
panel	71363:1
papillon	70425:1 72632:1
parenthes	72394:1
parfait	67390:1
pari	73684:1
paris	67804:1 68392:1 70748:1 72393:1
paristech	68276:1 68393:1 70161:1 70422:1 70923:1 75457:1
parkinson	68646:1 74173:1
partenair	68393:1 74745:1
partenariat	68384:1 69536:1 70920:1
partnering	73691:1
pass	70163:1 72934:1 75068:1
pastel	72630:1
pasteur	69813:1
pathoquest	73686:1
patient	76508:1
pay	76512:1
pcd	72120:1
pect	68281:1
peptid	67390:1
perdent	73188:1
perform	70423:1 75796:1
permettr	72632:1
perspect	67795:1 69186:1
pes	70919:1
pet	74450:1
petit	70423:1 73430:1
peut	68274:1
pharm	75065:1
phas	75065:1
phe	73189:1
phenom	69817:1
photonic	75795:1
photovoltaïqu	72114:1
physiqu	67068:1 72934:1
phytochip	75460:1
phénoarch	69182:1
phénotypag	69817:1
phéromon	72632:1
piec	73431:1
pil	67797:1 74174:1
pilot	69813:1
pionni	71621:1
plac	71363:1 71838:1 72399:1
plain	68389:1
plais	72932:1 74449:1
plancton	73183:1
planet	75458:1
plant	67387:1 69182:1 69817:1 70420:1 72630:1
planétair	71621:1
plastipol	70752:1
plastiqu	70167:1
plasturg	70752:1
plat	69182:1
plateform	68385:1 69817:1 70923:1 74452:1
plutôt	76508:1
pléiad	71836:1
pme	67553:1 68273:1 70166:1 71614:1 71840:1 72395:1
point	74453:1
polar	73183:1
pollen	68645:1
polymer	73436:1 75464:1
polyphénol	68387:1
polytechn	71362:1
polytechnicien	76208:1
port	68274:1 75071:1
portefeuill	71360:1
possibl	70744:1
post	71621:1
pourquoi	73188:1
pourr	67391:1 72632:1
poursuit	71360:1
pourtour	70916:1
pression	70918:1
prestigi	76208:1
primit	75065:1
priorit	68383:1
prix	67937:1 72633:1 72933:1 73435:1
problémat	69541:1
proced	67561:1 71845:1
processeur	73879:2
processus	74749:1
prochain	69533:1 71612:1 74168:1 75462:1 76209:1
product	67391:1 67802:1 69184:1 73185:1 76507:1
produir	67385:1 73684:1 76513:1
produit	67799:1 68885:1 75068:1 75069:1
professionnel	68889:1
profond	73688:1
programm	67944:1 70428:1 71615:1 73683:1
projet	70168:1 72937:1 73190:1 75067:1
promess	72115:1 76511:1
promet	67558:1 68643:1
prometteur	70421:1 72116:1 72392:1
promot	69185:1
propack	76514:1
propos	74455:1
propr	69178:1
protecteur	68388:1
prototyp	67941:1 70162:1 73186:1 76513:1
protéin	69539:1
provenc	75461:1
provepharm	75461:1
prédir	71618:1
préférent	67555:1 70749:1
préhistorien	75788:1
prévent	67799:1
prévoir	70916:1
prévu	68886:1
prôt	73683:1
psa	70748:1
psycholog	76206:1
publ	67071:1
puiss	68638:1
puls	70918:1
pur	72118:1
pyren	74748:1 75066:1
pédagog	73431:1 73876:1
pékin	68888:1
périmetr	72396:1
pôl	71358:1 71839:1 74172:1
qualif	69179:1
qualit	75794:1
quatr	71357:1 75067:1
quel	68283:1 69540:1 69816:1 75463:1 76206:1 76209:1 76213:1
quotidien	75792:1
r	67946:1
radeau	72116:1
radical	76511:1
raid	73689:1 76212:1
raisin	74169:1
raisol	74169:1
ralent	74749:1
rapid	67389:1 68886:1 69183:1 71617:1 75068:1
rapport	67071:1 69533:1
rar	75792:1
rassembl	69542:1
rayon	73186:1
record	68640:1 68883:1
relat	70745:1
relev	69541:1 73182:1 75793:1
relâch	70917:1
remet	68888:1
rencontr	68889:1 74456:1 74748:1 74752:1
rend	68889:1 69543:1 70752:1 70921:1 73881:1 74176:1
renforc	71839:1
renouvel	71363:1
rep	76507:1
repart	72398:1
reproduir	75791:1
resif	69181:1
respect	70170:1
resqm	68274:1
retorik	75063:1
review	76208:1
rhepatch	73187:1
rhônalpin	72395:1
riment	69534:1
risqu	70429:1 70915:1
rmt	76514:1
robot	67941:1 68883:1 70420:1 71614:1 72122:1 73884:1 74170:1 75791:1
robotic	72633:1
roboticien	67383:1
robust	74751:1
rotat	72119:1
roul	67940:1
rout	68274:1
ruptur	75465:1
russ	72396:1
réalit	70421:1 75064:1
récolt	73183:1
récompens	67383:1 68641:1 72633:1
récuper	75792:1
réel	69819:1 70922:1
réfriger	67557:1
région	71361:1 73687:1
régional	67804:1
répar	70922:1
répond	73685:1
répondr	69541:1 75069:1
réseau	67386:1 74452:1 76510:1
résect	70918:1
résolu	74451:1 74746:1
résultat	67388:1 67942:1 74449:1 76512:1
réun	72393:1
réuss	69179:1 71836:1 73684:1
réutilis	72399:1
révolu	74744:1
safran	74745:1
sall	68281:1
salon	72939:1 74747:1
san	67386:1 75791:1
sanguin	67801:1
sanof	69813:1
sant	68387:1 69534:1 72116:1 75465:1 75797:1 76507:1
sarcob	67799:1
sarcopen	67799:1
satellit	69537:1 69811:1 70170:1 75789:1
sauv	68274:1
saveur	72631:1
savoir	71362:1
scienc	67937:1 68386:1 71620:1 72117:1 72630:1 72939:1 75067:1
screening	72118:1
scénarios	69535:1 71357:1
se	70164:1
seb	71359:1
secret	75459:1
secteur	72116:1 72629:1
sem	69814:1
semain	76515:1
sen	72119:1
senior	74449:1 75069:1
sensoriel	69534:1 73685:1
sensostat	73685:1
sentinel	71621:1
septembr	75457:1
ser	76209:1
serpent	72115:1
serr	71838:1
servic	67387:1 69811:1 70421:1 72122:1 74174:1
seul	70922:1 75070:1
sh	72939:1
show	70170:1 73438:1
sig	68889:1
signatur	67556:1
signif	67388:1
silv	74746:1 75466:1
simpl	73436:1
simul	69533:1 74453:1
sit	69184:1
smartox	73878:1
smos	73880:1
social	72939:1
societ	71620:1 72113:1
society	70164:1
sofrad	71839:1
sol	67797:1 69812:1
solair	68884:1 73436:1
solid	75464:1
solut	74750:1 75789:1
sommet	72122:1
sond	67800:1 73189:1 75794:1
sourc	68644:1 76514:1
sous	68884:1
spac	70163:1 70170:1
spatial	67939:1 68275:1 69177:1 70424:1 73434:1
spectr	70162:1
spir	67392:1
spiral	67943:1
sport	69536:1 73689:1 75797:1 76212:1
start	68643:1 68881:1 72629:1 76208:1
stock	68884:1
strateg	68642:1 71619:1
stratobus	75789:1
structur	68391:1
succes	69177:1 70163:1
sud	68392:1 70748:1
suiv	71838:1
sunaero	71840:1
sunaéro	74167:1
supercalcul	70914:1
supmec	69541:1
supply	72637:1
surtout	76515:1
surveil	76510:1
sustain	72637:1
symbios	71837:1
system	68887:1 69538:1 71359:1 72633:1 72937:1 73185:1 74751:1
sécheress	69182:1
sélection	69818:1
séminair	74174:1
sénart	67945:1
sépar	72399:1
séquençag	73686:1
sérotonin	69184:1
tar	73183:1
taxibot	72933:1
techniqu	68391:1 68885:1 70918:1 70921:1 72399:1
technolg	70166:1
technology	76208:1
technopôl	71842:1
telescop	70163:1 73186:1
temp	69819:1 70922:1 76509:1
tenac	76210:1
teratec	75796:1
terifiq	69534:1
terr	67942:1 73880:1
territoir	68275:1
test	67797:1 67801:1 67940:1 70163:1 73686:1
textil	70751:1 70921:1 71361:1
thermonucléair	74168:1
thémat	76514:1
théorem	71835:1
timbr	73187:1
tinc	73883:1
tissus	74750:1
titan	74454:1
tld	72933:1
toler	69182:1
topolog	69186:1
torpill	70746:1
toujour	70423:1
toulous	70170:1 71362:1 73185:1 73434:1 73438:1
tous	72393:1 75459:1 75462:1 76509:1
tout	75458:1
toxiqu	75460:1
track	68646:1
trajet	71617:1
transderm	73187:1
transfer	71362:1
transfert	72117:2 75067:1
transistor	72635:1
traumat	67801:1
travaillent	75790:1
tribart	73437:1
trois	73880:1
tropical	69821:1
tropiqu	67939:2
troubl	71841:1 76508:1
trouv	72118:1
trustinsoft	76207:1
tumeur	70918:1
typ	74173:1
télécommun	68392:1
têt	70161:1 74171:1
ulis	67796:1
ultra	70423:1 72118:1
uniqu	69182:1 69815:1 69817:1 70915:1 70921:1 72122:1 72629:1 73183:1 73683:1 75788:1 76513:1
unis	70422:1
unit	68278:1 69180:1
univer	70163:1
universitair	72394:1
up	68643:1 68881:1 71616:1 72629:1 76208:1
usag	70165:1
usin	67386:1
utérus	74455:1
va	73432:1 73686:1
vaccin	72935:1
vaimos	68883:1 74170:1
valid	75067:1
valis	73431:1
valoris	71845:1 72939:1
variat	67942:1
vectoris	73184:1
veg	69179:1
venin	71843:1 72115:1 73878:1
veoli	72392:1
ver	67557:1 68638:1 69538:1 70914:1 72635:1 73182:1 74169:1 74175:1
vern	75068:1
verr	68280:1 69819:1
vert	68278:1 70424:1 72115:1 75458:1
vi	68274:1 71620:1 71845:1 72394:1 73688:1 75793:1
vieil	68277:1 74746:1 74749:1
vign	69537:1
villan	71835:1
vin	68387:1 73684:1 76206:1 76512:1
vinneo	76512:1
vircopal	73431:1
virtuel	70421:1 75063:1 75064:1
vision	70164:1 71617:1
visualis	69819:1 75788:1
vitagor	72396:1 74172:1 75462:1
vitamin	73184:1
viticol	73877:1
viv	69183:1 71835:1 76511:1
vivron	74176:1
voili	68883:1 74170:1
voir	68391:1 74749:1 74750:1
voitur	68640:1
vol	69179:1 70165:1 71617:1
vous	68889:1 69543:1 70752:1 70921:1 73881:1 74176:1
vérit	74169:1
webb	70163:1
west	74168:1
win	76510:1
wis	69814:1
yeux	70744:1
ça	75461:1
ème	67392:1 67804:1 67946:1 69542:1 70168:1 70169:1 70752:1 71620:1 72114:1 72631:1 72937:1 73190:1 73687:1 73691:1 75066:1 75464:1 75466:1 75795:1 75796:1 75797:1 76516:1
ère	69185:1 69820:1 70743:1 73883:1
ébauch	69178:1
éco	71845:2
écol	68276:1 73437:1
écolog	67557:1
économ	74746:1
écoproduit	76513:1
écran	72401:1
édit	67946:1 70168:1 70169:1 73190:1 73438:1 73691:1 75066:1 75466:1 75795:1 75796:1 75797:1
électr	68640:1 73185:1
électromagnet	67942:1
électron	72114:1 73187:1
émergent	68386:1 72635:1 72934:1 74169:1 75063:1 76512:1
émettent	70747:1
émiss	71617:1
énerg	68644:1 68884:1 69540:1 71363:2 72397:1 72934:1 72940:1
éolien	75463:1
équin	71357:1
établ	68883:1 76507:1
étap	74168:1
état	75462:1
éton	70167:1 73431:1
étud	68277:1 69812:1 70745:1 73186:1 73686:1
étudi	68281:1 76513:1
évapotranspir	69537:1
éven	70916:1
